near_pair_id,path_a,path_b,phash_hamming_distance_bits
1,/Users/vincentdeng/Projects/Campus-Vegetation-Recognition/data/test/Camellia/IMG_1461.jpeg,/Users/vincentdeng/Projects/Campus-Vegetation-Recognition/data/train/Camellia/IMG_1460.jpeg,4
2,/Users/vincentdeng/Projects/Campus-Vegetation-Recognition/data/test/Camellia/IMG_1461.jpeg,/Users/vincentdeng/Projects/Campus-Vegetation-Recognition/data/train/Camellia/IMG_1462.jpeg,8
3,/Users/vincentdeng/Projects/Campus-Vegetation-Recognition/data/test/Camellia/IMG_1479.jpeg,/Users/vincentdeng/Projects/Campus-Vegetation-Recognition/data/train/Camellia/IMG_1480.jpeg,8
4,/Users/vincentdeng/Projects/Campus-Vegetation-Recognition/data/test/Camellia/IMG_1498.jpeg,/Users/vincentdeng/Projects/Campus-Vegetation-Recognition/data/train/Camellia/IMG_1499.jpeg,8
5,/Users/vincentdeng/Projects/Campus-Vegetation-Recognition/data/test/Ficus_microcarpa/IMG_1231.jpeg,/Users/vincentdeng/Projects/Campus-Vegetation-Recognition/data/train/Ficus_microcarpa/IMG_1232.jpeg,2
6,/Users/vincentdeng/Projects/Campus-Vegetation-Recognition/data/test/Ficus_microcarpa/IMG_1255.jpeg,/Users/vincentdeng/Projects/Campus-Vegetation-Recognition/data/test/Ficus_microcarpa/IMG_1257.jpeg,6
7,/Users/vincentdeng/Projects/Campus-Vegetation-Recognition/data/test/Ficus_microcarpa/IMG_1255.jpeg,/Users/vincentdeng/Projects/Campus-Vegetation-Recognition/data/train/Ficus_microcarpa/IMG_1252.jpeg,8
8,/Users/vincentdeng/Projects/Campus-Vegetation-Recognition/data/test/Ficus_microcarpa/IMG_1255.jpeg,/Users/vincentdeng/Projects/Campus-Vegetation-Recognition/data/train/Ficus_microcarpa/IMG_1256.jpeg,2
9,/Users/vincentdeng/Projects/Campus-Vegetation-Recognition/data/test/Ficus_microcarpa/IMG_1255.jpeg,/Users/vincentdeng/Projects/Campus-Vegetation-Recognition/data/val/Ficus_microcarpa/IMG_1254.jpeg,4
10,/Users/vincentdeng/Projects/Campus-Vegetation-Recognition/data/test/Ficus_microcarpa/IMG_1255.jpeg,/Users/vincentdeng/Projects/Campus-Vegetation-Recognition/data/val/Ficus_microcarpa/IMG_1259.jpeg,8
11,/Users/vincentdeng/Projects/Campus-Vegetation-Recognition/data/test/Ficus_microcarpa/IMG_1257.jpeg,/Users/vincentdeng/Projects/Campus-Vegetation-Recognition/data/train/Ficus_microcarpa/IMG_1256.jpeg,6
12,/Users/vincentdeng/Projects/Campus-Vegetation-Recognition/data/test/Ficus_microcarpa/IMG_1257.jpeg,/Users/vincentdeng/Projects/Campus-Vegetation-Recognition/data/train/Ficus_microcarpa/IMG_1258.jpeg,6
13,/Users/vincentdeng/Projects/Campus-Vegetation-Recognition/data/test/Ficus_microcarpa/IMG_1257.jpeg,/Users/vincentdeng/Projects/Campus-Vegetation-Recognition/data/val/Ficus_microcarpa/IMG_1254.jpeg,8
14,/Users/vincentdeng/Projects/Campus-Vegetation-Recognition/data/test/Ficus_microcarpa_golden_leaves/IMG_1020.jpeg,/Users/vincentdeng/Projects/Campus-Vegetation-Recognition/data/train/Ficus_microcarpa_golden_leaves/IMG_1021.jpeg,4
15,/Users/vincentdeng/Projects/Campus-Vegetation-Recognition/data/test/Ficus_microcarpa_golden_leaves/IMG_1020.jpeg,/Users/vincentdeng/Projects/Campus-Vegetation-Recognition/data/val/Ficus_microcarpa_golden_leaves/IMG_1022.jpeg,8
16,/Users/vincentdeng/Projects/Campus-Vegetation-Recognition/data/test/Ficus_microcarpa_golden_leaves/IMG_1033.jpeg,/Users/vincentdeng/Projects/Campus-Vegetation-Recognition/data/train/Ficus_microcarpa_golden_leaves/IMG_1036.jpeg,8
17,/Users/vincentdeng/Projects/Campus-Vegetation-Recognition/data/test/Ficus_microcarpa_golden_leaves/IMG_1040.jpeg,/Users/vincentdeng/Projects/Campus-Vegetation-Recognition/data/test/Ficus_microcarpa_golden_leaves/IMG_1042.jpeg,8
18,/Users/vincentdeng/Projects/Campus-Vegetation-Recognition/data/test/Ficus_microcarpa_golden_leaves/IMG_1040.jpeg,/Users/vincentdeng/Projects/Campus-Vegetation-Recognition/data/train/Ficus_microcarpa_golden_leaves/IMG_1041.jpeg,6
19,/Users/vincentdeng/Projects/Campus-Vegetation-Recognition/data/test/Ficus_microcarpa_golden_leaves/IMG_1040.jpeg,/Users/vincentdeng/Projects/Campus-Vegetation-Recognition/data/val/Ficus_microcarpa_golden_leaves/IMG_1039.jpeg,4
20,/Users/vincentdeng/Projects/Campus-Vegetation-Recognition/data/test/Ficus_microcarpa_golden_leaves/IMG_1042.jpeg,/Users/vincentdeng/Projects/Campus-Vegetation-Recognition/data/train/Ficus_microcarpa_golden_leaves/IMG_1041.jpeg,4
21,/Users/vincentdeng/Projects/Campus-Vegetation-Recognition/data/test/Ficus_microcarpa_golden_leaves/IMG_1058.jpeg,/Users/vincentdeng/Projects/Campus-Vegetation-Recognition/data/train/Ficus_microcarpa_golden_leaves/IMG_1057.jpeg,8
22,/Users/vincentdeng/Projects/Campus-Vegetation-Recognition/data/test/Ficus_microcarpa_golden_leaves/IMG_1058.jpeg,/Users/vincentdeng/Projects/Campus-Vegetation-Recognition/data/val/Ficus_microcarpa_golden_leaves/IMG_1059.jpeg,8
23,/Users/vincentdeng/Projects/Campus-Vegetation-Recognition/data/test/Ficus_microcarpa_golden_leaves/IMG_1078.jpeg,/Users/vincentdeng/Projects/Campus-Vegetation-Recognition/data/train/Ficus_microcarpa_golden_leaves/IMG_1079.jpeg,8
24,/Users/vincentdeng/Projects/Campus-Vegetation-Recognition/data/test/Ficus_microcarpa_golden_leaves/IMG_1100.jpeg,/Users/vincentdeng/Projects/Campus-Vegetation-Recognition/data/train/Ficus_microcarpa_golden_leaves/IMG_1099.jpeg,2
25,/Users/vincentdeng/Projects/Campus-Vegetation-Recognition/data/test/Ficus_microcarpa_golden_leaves/IMG_1112.jpeg,/Users/vincentdeng/Projects/Campus-Vegetation-Recognition/data/train/Ficus_microcarpa_golden_leaves/IMG_1110.jpeg,8
26,/Users/vincentdeng/Projects/Campus-Vegetation-Recognition/data/test/Ficus_microcarpa_golden_leaves/IMG_1112.jpeg,/Users/vincentdeng/Projects/Campus-Vegetation-Recognition/data/train/Ficus_microcarpa_golden_leaves/IMG_1111.jpeg,4
27,/Users/vincentdeng/Projects/Campus-Vegetation-Recognition/data/test/Ficus_microcarpa_golden_leaves/IMG_1117.jpeg,/Users/vincentdeng/Projects/Campus-Vegetation-Recognition/data/train/Ficus_microcarpa_golden_leaves/IMG_1116.jpeg,8
28,/Users/vincentdeng/Projects/Campus-Vegetation-Recognition/data/test/Ficus_microcarpa_golden_leaves/IMG_1117.jpeg,/Users/vincentdeng/Projects/Campus-Vegetation-Recognition/data/train/Ficus_microcarpa_golden_leaves/IMG_1118.jpeg,2
29,/Users/vincentdeng/Projects/Campus-Vegetation-Recognition/data/test/Ficus_microcarpa_golden_leaves/IMG_1117.jpeg,/Users/vincentdeng/Projects/Campus-Vegetation-Recognition/data/train/Ficus_microcarpa_golden_leaves/IMG_1119.jpeg,8
30,/Users/vincentdeng/Projects/Campus-Vegetation-Recognition/data/test/Ficus_microcarpa_golden_leaves/IMG_1117.jpeg,/Users/vincentdeng/Projects/Campus-Vegetation-Recognition/data/train/Ficus_microcarpa_golden_leaves/IMG_1120.jpeg,8
31,/Users/vincentdeng/Projects/Campus-Vegetation-Recognition/data/test/Ficus_microcarpa_golden_leaves/IMG_1126.jpeg,/Users/vincentdeng/Projects/Campus-Vegetation-Recognition/data/train/Ficus_microcarpa_golden_leaves/IMG_1125.jpeg,4
32,/Users/vincentdeng/Projects/Campus-Vegetation-Recognition/data/test/Ficus_microcarpa_golden_leaves/IMG_1132.jpeg,/Users/vincentdeng/Projects/Campus-Vegetation-Recognition/data/test/Ficus_microcarpa_golden_leaves/IMG_1133.jpeg,8
33,/Users/vincentdeng/Projects/Campus-Vegetation-Recognition/data/test/Goeppertia_makoyana/IMG_1139.jpeg,/Users/vincentdeng/Projects/Campus-Vegetation-Recognition/data/val/Goeppertia_makoyana/IMG_1138.jpeg,6
34,/Users/vincentdeng/Projects/Campus-Vegetation-Recognition/data/test/Goeppertia_makoyana/IMG_1144.jpeg,/Users/vincentdeng/Projects/Campus-Vegetation-Recognition/data/train/Goeppertia_makoyana/IMG_1142.jpeg,8
35,/Users/vincentdeng/Projects/Campus-Vegetation-Recognition/data/test/Goeppertia_makoyana/IMG_1144.jpeg,/Users/vincentdeng/Projects/Campus-Vegetation-Recognition/data/train/Goeppertia_makoyana/IMG_1143.jpeg,4
36,/Users/vincentdeng/Projects/Campus-Vegetation-Recognition/data/test/Goeppertia_makoyana/IMG_1144.jpeg,/Users/vincentdeng/Projects/Campus-Vegetation-Recognition/data/train/Goeppertia_makoyana/IMG_1145.jpeg,2
37,/Users/vincentdeng/Projects/Campus-Vegetation-Recognition/data/test/Goeppertia_makoyana/IMG_1144.jpeg,/Users/vincentdeng/Projects/Campus-Vegetation-Recognition/data/val/Goeppertia_makoyana/IMG_1141.jpeg,8
38,/Users/vincentdeng/Projects/Campus-Vegetation-Recognition/data/test/Goeppertia_makoyana/IMG_1147.jpeg,/Users/vincentdeng/Projects/Campus-Vegetation-Recognition/data/test/Goeppertia_makoyana/IMG_1149.jpeg,8
39,/Users/vincentdeng/Projects/Campus-Vegetation-Recognition/data/test/Goeppertia_makoyana/IMG_1147.jpeg,/Users/vincentdeng/Projects/Campus-Vegetation-Recognition/data/train/Goeppertia_makoyana/IMG_1146.jpeg,6
40,/Users/vincentdeng/Projects/Campus-Vegetation-Recognition/data/test/Goeppertia_makoyana/IMG_1147.jpeg,/Users/vincentdeng/Projects/Campus-Vegetation-Recognition/data/val/Goeppertia_makoyana/IMG_1148.jpeg,8
41,/Users/vincentdeng/Projects/Campus-Vegetation-Recognition/data/test/Goeppertia_makoyana/IMG_1149.jpeg,/Users/vincentdeng/Projects/Campus-Vegetation-Recognition/data/val/Goeppertia_makoyana/IMG_1148.jpeg,2
42,/Users/vincentdeng/Projects/Campus-Vegetation-Recognition/data/test/Goeppertia_makoyana/IMG_1150.jpeg,/Users/vincentdeng/Projects/Campus-Vegetation-Recognition/data/val/Goeppertia_makoyana/IMG_1151.jpeg,8
43,/Users/vincentdeng/Projects/Campus-Vegetation-Recognition/data/test/Goeppertia_makoyana/IMG_1168.jpeg,/Users/vincentdeng/Projects/Campus-Vegetation-Recognition/data/train/Goeppertia_makoyana/IMG_1167.jpeg,4
44,/Users/vincentdeng/Projects/Campus-Vegetation-Recognition/data/test/Goeppertia_makoyana/IMG_1169.jpeg,/Users/vincentdeng/Projects/Campus-Vegetation-Recognition/data/train/Goeppertia_makoyana/IMG_1170.jpeg,6
45,/Users/vincentdeng/Projects/Campus-Vegetation-Recognition/data/test/Goeppertia_makoyana/IMG_1190.jpeg,/Users/vincentdeng/Projects/Campus-Vegetation-Recognition/data/train/Goeppertia_makoyana/IMG_1191.jpeg,2
46,/Users/vincentdeng/Projects/Campus-Vegetation-Recognition/data/test/Goeppertia_makoyana/IMG_1208.jpeg,/Users/vincentdeng/Projects/Campus-Vegetation-Recognition/data/train/Goeppertia_makoyana/IMG_1207.jpeg,8
47,/Users/vincentdeng/Projects/Campus-Vegetation-Recognition/data/test/Podocarpus_macrophyllus/IMG_1285.jpeg,/Users/vincentdeng/Projects/Campus-Vegetation-Recognition/data/train/Podocarpus_macrophyllus/IMG_1286.jpeg,4
48,/Users/vincentdeng/Projects/Campus-Vegetation-Recognition/data/test/Podocarpus_macrophyllus/IMG_1285.jpeg,/Users/vincentdeng/Projects/Campus-Vegetation-Recognition/data/val/Podocarpus_macrophyllus/IMG_1284.jpeg,8
49,/Users/vincentdeng/Projects/Campus-Vegetation-Recognition/data/test/Podocarpus_macrophyllus/IMG_1298.jpeg,/Users/vincentdeng/Projects/Campus-Vegetation-Recognition/data/train/Podocarpus_macrophyllus/IMG_1297.jpeg,6
50,/Users/vincentdeng/Projects/Campus-Vegetation-Recognition/data/test/Podocarpus_macrophyllus/IMG_1299.jpeg,/Users/vincentdeng/Projects/Campus-Vegetation-Recognition/data/train/Podocarpus_macrophyllus/IMG_1300.jpeg,8
51,/Users/vincentdeng/Projects/Campus-Vegetation-Recognition/data/test/Podocarpus_macrophyllus/IMG_1309.jpeg,/Users/vincentdeng/Projects/Campus-Vegetation-Recognition/data/val/Podocarpus_macrophyllus/IMG_1310.jpeg,6
52,/Users/vincentdeng/Projects/Campus-Vegetation-Recognition/data/test/Podocarpus_macrophyllus/IMG_1313.jpeg,/Users/vincentdeng/Projects/Campus-Vegetation-Recognition/data/train/Podocarpus_macrophyllus/IMG_1312.jpeg,4
53,/Users/vincentdeng/Projects/Campus-Vegetation-Recognition/data/test/Podocarpus_macrophyllus/IMG_1314.jpeg,/Users/vincentdeng/Projects/Campus-Vegetation-Recognition/data/train/Podocarpus_macrophyllus/IMG_1315.jpeg,8
54,/Users/vincentdeng/Projects/Campus-Vegetation-Recognition/data/test/Podocarpus_macrophyllus/IMG_1322.jpeg,/Users/vincentdeng/Projects/Campus-Vegetation-Recognition/data/train/Podocarpus_macrophyllus/IMG_1321.jpeg,8
55,/Users/vincentdeng/Projects/Campus-Vegetation-Recognition/data/test/Podocarpus_macrophyllus/IMG_1336.jpeg,/Users/vincentdeng/Projects/Campus-Vegetation-Recognition/data/train/Podocarpus_macrophyllus/IMG_1334.jpeg,8
56,/Users/vincentdeng/Projects/Campus-Vegetation-Recognition/data/test/Rhododendron/IMG_0958.jpeg,/Users/vincentdeng/Projects/Campus-Vegetation-Recognition/data/train/Rhododendron/IMG_0959.jpeg,6
57,/Users/vincentdeng/Projects/Campus-Vegetation-Recognition/data/test/Rhododendron/IMG_0963.jpeg,/Users/vincentdeng/Projects/Campus-Vegetation-Recognition/data/train/Rhododendron/IMG_0962.jpeg,8
58,/Users/vincentdeng/Projects/Campus-Vegetation-Recognition/data/test/Rhododendron/IMG_0963.jpeg,/Users/vincentdeng/Projects/Campus-Vegetation-Recognition/data/train/Rhododendron/IMG_0964.jpeg,2
59,/Users/vincentdeng/Projects/Campus-Vegetation-Recognition/data/test/Rhododendron/IMG_0963.jpeg,/Users/vincentdeng/Projects/Campus-Vegetation-Recognition/data/val/Rhododendron/IMG_0965.jpeg,6
60,/Users/vincentdeng/Projects/Campus-Vegetation-Recognition/data/test/Rhododendron/IMG_0966.jpeg,/Users/vincentdeng/Projects/Campus-Vegetation-Recognition/data/train/Rhododendron/IMG_0967.jpeg,6
61,/Users/vincentdeng/Projects/Campus-Vegetation-Recognition/data/test/Rhododendron/IMG_1003.jpeg,/Users/vincentdeng/Projects/Campus-Vegetation-Recognition/data/train/Rhododendron/IMG_1002.jpeg,6
62,/Users/vincentdeng/Projects/Campus-Vegetation-Recognition/data/test/Xanthostemon_chrysanthus/IMG_1367.jpeg,/Users/vincentdeng/Projects/Campus-Vegetation-Recognition/data/val/Xanthostemon_chrysanthus/IMG_1366.jpeg,6
63,/Users/vincentdeng/Projects/Campus-Vegetation-Recognition/data/train/Camellia/IMG_1464.jpeg,/Users/vincentdeng/Projects/Campus-Vegetation-Recognition/data/train/Camellia/IMG_1465.jpeg,8
64,/Users/vincentdeng/Projects/Campus-Vegetation-Recognition/data/train/Camellia/IMG_1487.jpeg,/Users/vincentdeng/Projects/Campus-Vegetation-Recognition/data/val/Camellia/IMG_1488.jpeg,6
65,/Users/vincentdeng/Projects/Campus-Vegetation-Recognition/data/train/Camellia/IMG_1490.jpeg,/Users/vincentdeng/Projects/Campus-Vegetation-Recognition/data/val/Camellia/IMG_1488.jpeg,6
66,/Users/vincentdeng/Projects/Campus-Vegetation-Recognition/data/train/Camellia/IMG_1490.jpeg,/Users/vincentdeng/Projects/Campus-Vegetation-Recognition/data/val/Camellia/IMG_1489.jpeg,4
67,/Users/vincentdeng/Projects/Campus-Vegetation-Recognition/data/train/Camellia/IMG_1496.jpeg,/Users/vincentdeng/Projects/Campus-Vegetation-Recognition/data/train/Camellia/IMG_1497.jpeg,8
68,/Users/vincentdeng/Projects/Campus-Vegetation-Recognition/data/train/Ficus_microcarpa/IMG_1209.jpeg,/Users/vincentdeng/Projects/Campus-Vegetation-Recognition/data/train/Ficus_microcarpa/IMG_1212.jpeg,8
69,/Users/vincentdeng/Projects/Campus-Vegetation-Recognition/data/train/Ficus_microcarpa/IMG_1209.jpeg,/Users/vincentdeng/Projects/Campus-Vegetation-Recognition/data/train/Goeppertia_makoyana/IMG_1209.jpeg,0
70,/Users/vincentdeng/Projects/Campus-Vegetation-Recognition/data/train/Ficus_microcarpa/IMG_1209.jpeg,/Users/vincentdeng/Projects/Campus-Vegetation-Recognition/data/train/Goeppertia_makoyana/IMG_1210.jpeg,4
71,/Users/vincentdeng/Projects/Campus-Vegetation-Recognition/data/train/Ficus_microcarpa/IMG_1211.jpeg,/Users/vincentdeng/Projects/Campus-Vegetation-Recognition/data/train/Ficus_microcarpa/IMG_1212.jpeg,4
72,/Users/vincentdeng/Projects/Campus-Vegetation-Recognition/data/train/Ficus_microcarpa/IMG_1211.jpeg,/Users/vincentdeng/Projects/Campus-Vegetation-Recognition/data/train/Ficus_microcarpa/IMG_1214.jpeg,8
73,/Users/vincentdeng/Projects/Campus-Vegetation-Recognition/data/train/Ficus_microcarpa/IMG_1211.jpeg,/Users/vincentdeng/Projects/Campus-Vegetation-Recognition/data/val/Ficus_microcarpa/IMG_1213.jpeg,8
74,/Users/vincentdeng/Projects/Campus-Vegetation-Recognition/data/train/Ficus_microcarpa/IMG_1212.jpeg,/Users/vincentdeng/Projects/Campus-Vegetation-Recognition/data/train/Ficus_microcarpa/IMG_1214.jpeg,6
75,/Users/vincentdeng/Projects/Campus-Vegetation-Recognition/data/train/Ficus_microcarpa/IMG_1212.jpeg,/Users/vincentdeng/Projects/Campus-Vegetation-Recognition/data/train/Goeppertia_makoyana/IMG_1209.jpeg,8
76,/Users/vincentdeng/Projects/Campus-Vegetation-Recognition/data/train/Ficus_microcarpa/IMG_1212.jpeg,/Users/vincentdeng/Projects/Campus-Vegetation-Recognition/data/train/Goeppertia_makoyana/IMG_1210.jpeg,8
77,/Users/vincentdeng/Projects/Campus-Vegetation-Recognition/data/train/Ficus_microcarpa/IMG_1212.jpeg,/Users/vincentdeng/Projects/Campus-Vegetation-Recognition/data/val/Ficus_microcarpa/IMG_1213.jpeg,6
78,/Users/vincentdeng/Projects/Campus-Vegetation-Recognition/data/train/Ficus_microcarpa/IMG_1214.jpeg,/Users/vincentdeng/Projects/Campus-Vegetation-Recognition/data/val/Ficus_microcarpa/IMG_1213.jpeg,2
79,/Users/vincentdeng/Projects/Campus-Vegetation-Recognition/data/train/Ficus_microcarpa/IMG_1215.jpeg,/Users/vincentdeng/Projects/Campus-Vegetation-Recognition/data/train/Ficus_microcarpa/IMG_1216.jpeg,6
80,/Users/vincentdeng/Projects/Campus-Vegetation-Recognition/data/train/Ficus_microcarpa/IMG_1221.jpeg,/Users/vincentdeng/Projects/Campus-Vegetation-Recognition/data/train/Ficus_microcarpa/IMG_1222.jpeg,6
81,/Users/vincentdeng/Projects/Campus-Vegetation-Recognition/data/train/Ficus_microcarpa/IMG_1225.jpeg,/Users/vincentdeng/Projects/Campus-Vegetation-Recognition/data/val/Ficus_microcarpa/IMG_1224.jpeg,8
82,/Users/vincentdeng/Projects/Campus-Vegetation-Recognition/data/train/Ficus_microcarpa/IMG_1247.jpeg,/Users/vincentdeng/Projects/Campus-Vegetation-Recognition/data/train/Ficus_microcarpa/IMG_1249.jpeg,6
83,/Users/vincentdeng/Projects/Campus-Vegetation-Recognition/data/train/Ficus_microcarpa/IMG_1251.jpeg,/Users/vincentdeng/Projects/Campus-Vegetation-Recognition/data/val/Ficus_microcarpa/IMG_1250.jpeg,8
84,/Users/vincentdeng/Projects/Campus-Vegetation-Recognition/data/train/Ficus_microcarpa/IMG_1252.jpeg,/Users/vincentdeng/Projects/Campus-Vegetation-Recognition/data/val/Ficus_microcarpa/IMG_1253.jpeg,6
85,/Users/vincentdeng/Projects/Campus-Vegetation-Recognition/data/train/Ficus_microcarpa/IMG_1252.jpeg,/Users/vincentdeng/Projects/Campus-Vegetation-Recognition/data/val/Ficus_microcarpa/IMG_1254.jpeg,8
86,/Users/vincentdeng/Projects/Campus-Vegetation-Recognition/data/train/Ficus_microcarpa/IMG_1256.jpeg,/Users/vincentdeng/Projects/Campus-Vegetation-Recognition/data/val/Ficus_microcarpa/IMG_1254.jpeg,6
87,/Users/vincentdeng/Projects/Campus-Vegetation-Recognition/data/train/Ficus_microcarpa/IMG_1256.jpeg,/Users/vincentdeng/Projects/Campus-Vegetation-Recognition/data/val/Ficus_microcarpa/IMG_1259.jpeg,6
88,/Users/vincentdeng/Projects/Campus-Vegetation-Recognition/data/train/Ficus_microcarpa/IMG_1260.jpeg,/Users/vincentdeng/Projects/Campus-Vegetation-Recognition/data/val/Ficus_microcarpa/IMG_1259.jpeg,4
89,/Users/vincentdeng/Projects/Campus-Vegetation-Recognition/data/train/Ficus_microcarpa/IMG_1261.jpeg,/Users/vincentdeng/Projects/Campus-Vegetation-Recognition/data/val/Ficus_microcarpa/IMG_1262.jpeg,8
90,/Users/vincentdeng/Projects/Campus-Vegetation-Recognition/data/train/Ficus_microcarpa/IMG_1263.jpeg,/Users/vincentdeng/Projects/Campus-Vegetation-Recognition/data/val/Ficus_microcarpa/IMG_1262.jpeg,6
91,/Users/vincentdeng/Projects/Campus-Vegetation-Recognition/data/train/Ficus_microcarpa/IMG_1264.jpeg,/Users/vincentdeng/Projects/Campus-Vegetation-Recognition/data/train/Ficus_microcarpa/IMG_1265.jpeg,4
92,/Users/vincentdeng/Projects/Campus-Vegetation-Recognition/data/train/Ficus_microcarpa/IMG_1266.jpeg,/Users/vincentdeng/Projects/Campus-Vegetation-Recognition/data/train/Ficus_microcarpa/IMG_1267.jpeg,6
93,/Users/vincentdeng/Projects/Campus-Vegetation-Recognition/data/train/Ficus_microcarpa/IMG_1266.jpeg,/Users/vincentdeng/Projects/Campus-Vegetation-Recognition/data/train/Ficus_microcarpa/IMG_1268.jpeg,8
94,/Users/vincentdeng/Projects/Campus-Vegetation-Recognition/data/train/Ficus_microcarpa/IMG_1267.jpeg,/Users/vincentdeng/Projects/Campus-Vegetation-Recognition/data/train/Ficus_microcarpa/IMG_1268.jpeg,6
95,/Users/vincentdeng/Projects/Campus-Vegetation-Recognition/data/train/Ficus_microcarpa_golden_leaves/IMG_1021.jpeg,/Users/vincentdeng/Projects/Campus-Vegetation-Recognition/data/val/Ficus_microcarpa_golden_leaves/IMG_1022.jpeg,8
96,/Users/vincentdeng/Projects/Campus-Vegetation-Recognition/data/train/Ficus_microcarpa_golden_leaves/IMG_1023.jpeg,/Users/vincentdeng/Projects/Campus-Vegetation-Recognition/data/train/Ficus_microcarpa_golden_leaves/IMG_1024.jpeg,4
97,/Users/vincentdeng/Projects/Campus-Vegetation-Recognition/data/train/Ficus_microcarpa_golden_leaves/IMG_1023.jpeg,/Users/vincentdeng/Projects/Campus-Vegetation-Recognition/data/train/Ficus_microcarpa_golden_leaves/IMG_1025.jpeg,8
98,/Users/vincentdeng/Projects/Campus-Vegetation-Recognition/data/train/Ficus_microcarpa_golden_leaves/IMG_1023.jpeg,/Users/vincentdeng/Projects/Campus-Vegetation-Recognition/data/train/Ficus_microcarpa_golden_leaves/IMG_1026.jpeg,8
99,/Users/vincentdeng/Projects/Campus-Vegetation-Recognition/data/train/Ficus_microcarpa_golden_leaves/IMG_1024.jpeg,/Users/vincentdeng/Projects/Campus-Vegetation-Recognition/data/train/Ficus_microcarpa_golden_leaves/IMG_1025.jpeg,6
100,/Users/vincentdeng/Projects/Campus-Vegetation-Recognition/data/train/Ficus_microcarpa_golden_leaves/IMG_1024.jpeg,/Users/vincentdeng/Projects/Campus-Vegetation-Recognition/data/train/Ficus_microcarpa_golden_leaves/IMG_1026.jpeg,6
101,/Users/vincentdeng/Projects/Campus-Vegetation-Recognition/data/train/Ficus_microcarpa_golden_leaves/IMG_1024.jpeg,/Users/vincentdeng/Projects/Campus-Vegetation-Recognition/data/val/Ficus_microcarpa_golden_leaves/IMG_1027.jpeg,8
102,/Users/vincentdeng/Projects/Campus-Vegetation-Recognition/data/train/Ficus_microcarpa_golden_leaves/IMG_1025.jpeg,/Users/vincentdeng/Projects/Campus-Vegetation-Recognition/data/train/Ficus_microcarpa_golden_leaves/IMG_1026.jpeg,4
103,/Users/vincentdeng/Projects/Campus-Vegetation-Recognition/data/train/Ficus_microcarpa_golden_leaves/IMG_1025.jpeg,/Users/vincentdeng/Projects/Campus-Vegetation-Recognition/data/val/Ficus_microcarpa_golden_leaves/IMG_1027.jpeg,6
104,/Users/vincentdeng/Projects/Campus-Vegetation-Recognition/data/train/Ficus_microcarpa_golden_leaves/IMG_1026.jpeg,/Users/vincentdeng/Projects/Campus-Vegetation-Recognition/data/train/Ficus_microcarpa_golden_leaves/IMG_1028.jpeg,6
105,/Users/vincentdeng/Projects/Campus-Vegetation-Recognition/data/train/Ficus_microcarpa_golden_leaves/IMG_1026.jpeg,/Users/vincentdeng/Projects/Campus-Vegetation-Recognition/data/val/Ficus_microcarpa_golden_leaves/IMG_1027.jpeg,2
106,/Users/vincentdeng/Projects/Campus-Vegetation-Recognition/data/train/Ficus_microcarpa_golden_leaves/IMG_1028.jpeg,/Users/vincentdeng/Projects/Campus-Vegetation-Recognition/data/val/Ficus_microcarpa_golden_leaves/IMG_1027.jpeg,4
107,/Users/vincentdeng/Projects/Campus-Vegetation-Recognition/data/train/Ficus_microcarpa_golden_leaves/IMG_1029.jpeg,/Users/vincentdeng/Projects/Campus-Vegetation-Recognition/data/train/Ficus_microcarpa_golden_leaves/IMG_1030.jpeg,8
108,/Users/vincentdeng/Projects/Campus-Vegetation-Recognition/data/train/Ficus_microcarpa_golden_leaves/IMG_1031.jpeg,/Users/vincentdeng/Projects/Campus-Vegetation-Recognition/data/train/Ficus_microcarpa_golden_leaves/IMG_1032.jpeg,6
109,/Users/vincentdeng/Projects/Campus-Vegetation-Recognition/data/train/Ficus_microcarpa_golden_leaves/IMG_1035.jpeg,/Users/vincentdeng/Projects/Campus-Vegetation-Recognition/data/val/Ficus_microcarpa_golden_leaves/IMG_1034.jpeg,6
110,/Users/vincentdeng/Projects/Campus-Vegetation-Recognition/data/train/Ficus_microcarpa_golden_leaves/IMG_1041.jpeg,/Users/vincentdeng/Projects/Campus-Vegetation-Recognition/data/val/Ficus_microcarpa_golden_leaves/IMG_1039.jpeg,8
111,/Users/vincentdeng/Projects/Campus-Vegetation-Recognition/data/train/Ficus_microcarpa_golden_leaves/IMG_1043.jpeg,/Users/vincentdeng/Projects/Campus-Vegetation-Recognition/data/train/Ficus_microcarpa_golden_leaves/IMG_1044.jpeg,8
112,/Users/vincentdeng/Projects/Campus-Vegetation-Recognition/data/train/Ficus_microcarpa_golden_leaves/IMG_1051.jpeg,/Users/vincentdeng/Projects/Campus-Vegetation-Recognition/data/train/Ficus_microcarpa_golden_leaves/IMG_1052.jpeg,6
113,/Users/vincentdeng/Projects/Campus-Vegetation-Recognition/data/train/Ficus_microcarpa_golden_leaves/IMG_1064.jpeg,/Users/vincentdeng/Projects/Campus-Vegetation-Recognition/data/train/Ficus_microcarpa_golden_leaves/IMG_1065.jpeg,8
114,/Users/vincentdeng/Projects/Campus-Vegetation-Recognition/data/train/Ficus_microcarpa_golden_leaves/IMG_1083.jpeg,/Users/vincentdeng/Projects/Campus-Vegetation-Recognition/data/val/Ficus_microcarpa_golden_leaves/IMG_1082.jpeg,8
115,/Users/vincentdeng/Projects/Campus-Vegetation-Recognition/data/train/Ficus_microcarpa_golden_leaves/IMG_1085.jpeg,/Users/vincentdeng/Projects/Campus-Vegetation-Recognition/data/train/Ficus_microcarpa_golden_leaves/IMG_1086.jpeg,8
116,/Users/vincentdeng/Projects/Campus-Vegetation-Recognition/data/train/Ficus_microcarpa_golden_leaves/IMG_1090.jpeg,/Users/vincentdeng/Projects/Campus-Vegetation-Recognition/data/train/Ficus_microcarpa_golden_leaves/IMG_1091.jpeg,8
117,/Users/vincentdeng/Projects/Campus-Vegetation-Recognition/data/train/Ficus_microcarpa_golden_leaves/IMG_1095.jpeg,/Users/vincentdeng/Projects/Campus-Vegetation-Recognition/data/val/Ficus_microcarpa_golden_leaves/IMG_1096.jpeg,2
118,/Users/vincentdeng/Projects/Campus-Vegetation-Recognition/data/train/Ficus_microcarpa_golden_leaves/IMG_1102.jpeg,/Users/vincentdeng/Projects/Campus-Vegetation-Recognition/data/train/Ficus_microcarpa_golden_leaves/IMG_1103.jpeg,6
119,/Users/vincentdeng/Projects/Campus-Vegetation-Recognition/data/train/Ficus_microcarpa_golden_leaves/IMG_1104.jpeg,/Users/vincentdeng/Projects/Campus-Vegetation-Recognition/data/val/Ficus_microcarpa_golden_leaves/IMG_1105.jpeg,4
120,/Users/vincentdeng/Projects/Campus-Vegetation-Recognition/data/train/Ficus_microcarpa_golden_leaves/IMG_1106.jpeg,/Users/vincentdeng/Projects/Campus-Vegetation-Recognition/data/train/Ficus_microcarpa_golden_leaves/IMG_1107.jpeg,4
121,/Users/vincentdeng/Projects/Campus-Vegetation-Recognition/data/train/Ficus_microcarpa_golden_leaves/IMG_1106.jpeg,/Users/vincentdeng/Projects/Campus-Vegetation-Recognition/data/train/Ficus_microcarpa_golden_leaves/IMG_1108.jpeg,6
122,/Users/vincentdeng/Projects/Campus-Vegetation-Recognition/data/train/Ficus_microcarpa_golden_leaves/IMG_1107.jpeg,/Users/vincentdeng/Projects/Campus-Vegetation-Recognition/data/train/Ficus_microcarpa_golden_leaves/IMG_1108.jpeg,6
123,/Users/vincentdeng/Projects/Campus-Vegetation-Recognition/data/train/Ficus_microcarpa_golden_leaves/IMG_1110.jpeg,/Users/vincentdeng/Projects/Campus-Vegetation-Recognition/data/train/Ficus_microcarpa_golden_leaves/IMG_1111.jpeg,4
124,/Users/vincentdeng/Projects/Campus-Vegetation-Recognition/data/train/Ficus_microcarpa_golden_leaves/IMG_1114.jpeg,/Users/vincentdeng/Projects/Campus-Vegetation-Recognition/data/train/Ficus_microcarpa_golden_leaves/IMG_1115.jpeg,6
125,/Users/vincentdeng/Projects/Campus-Vegetation-Recognition/data/train/Ficus_microcarpa_golden_leaves/IMG_1115.jpeg,/Users/vincentdeng/Projects/Campus-Vegetation-Recognition/data/train/Ficus_microcarpa_golden_leaves/IMG_1116.jpeg,6
126,/Users/vincentdeng/Projects/Campus-Vegetation-Recognition/data/train/Ficus_microcarpa_golden_leaves/IMG_1116.jpeg,/Users/vincentdeng/Projects/Campus-Vegetation-Recognition/data/train/Ficus_microcarpa_golden_leaves/IMG_1118.jpeg,8
127,/Users/vincentdeng/Projects/Campus-Vegetation-Recognition/data/train/Ficus_microcarpa_golden_leaves/IMG_1118.jpeg,/Users/vincentdeng/Projects/Campus-Vegetation-Recognition/data/train/Ficus_microcarpa_golden_leaves/IMG_1119.jpeg,6
128,/Users/vincentdeng/Projects/Campus-Vegetation-Recognition/data/train/Ficus_microcarpa_golden_leaves/IMG_1118.jpeg,/Users/vincentdeng/Projects/Campus-Vegetation-Recognition/data/train/Ficus_microcarpa_golden_leaves/IMG_1120.jpeg,6
129,/Users/vincentdeng/Projects/Campus-Vegetation-Recognition/data/train/Ficus_microcarpa_golden_leaves/IMG_1119.jpeg,/Users/vincentdeng/Projects/Campus-Vegetation-Recognition/data/train/Ficus_microcarpa_golden_leaves/IMG_1120.jpeg,0
130,/Users/vincentdeng/Projects/Campus-Vegetation-Recognition/data/train/Ficus_microcarpa_golden_leaves/IMG_1119.jpeg,/Users/vincentdeng/Projects/Campus-Vegetation-Recognition/data/train/Ficus_microcarpa_golden_leaves/IMG_1121.jpeg,8
131,/Users/vincentdeng/Projects/Campus-Vegetation-Recognition/data/train/Ficus_microcarpa_golden_leaves/IMG_1120.jpeg,/Users/vincentdeng/Projects/Campus-Vegetation-Recognition/data/train/Ficus_microcarpa_golden_leaves/IMG_1121.jpeg,8
132,/Users/vincentdeng/Projects/Campus-Vegetation-Recognition/data/train/Ficus_microcarpa_golden_leaves/IMG_1121.jpeg,/Users/vincentdeng/Projects/Campus-Vegetation-Recognition/data/train/Ficus_microcarpa_golden_leaves/IMG_1122.jpeg,2
133,/Users/vincentdeng/Projects/Campus-Vegetation-Recognition/data/train/Ficus_microcarpa_golden_leaves/IMG_1121.jpeg,/Users/vincentdeng/Projects/Campus-Vegetation-Recognition/data/train/Ficus_microcarpa_golden_leaves/IMG_1123.jpeg,4
134,/Users/vincentdeng/Projects/Campus-Vegetation-Recognition/data/train/Ficus_microcarpa_golden_leaves/IMG_1122.jpeg,/Users/vincentdeng/Projects/Campus-Vegetation-Recognition/data/train/Ficus_microcarpa_golden_leaves/IMG_1123.jpeg,2
135,/Users/vincentdeng/Projects/Campus-Vegetation-Recognition/data/train/Ficus_microcarpa_golden_leaves/IMG_1127.jpeg,/Users/vincentdeng/Projects/Campus-Vegetation-Recognition/data/train/Ficus_microcarpa_golden_leaves/IMG_1128.jpeg,4
136,/Users/vincentdeng/Projects/Campus-Vegetation-Recognition/data/train/Ficus_microcarpa_golden_leaves/IMG_1135.jpeg,/Users/vincentdeng/Projects/Campus-Vegetation-Recognition/data/val/Ficus_microcarpa_golden_leaves/IMG_1136.jpeg,8
137,/Users/vincentdeng/Projects/Campus-Vegetation-Recognition/data/train/Goeppertia_makoyana/IMG_1142.jpeg,/Users/vincentdeng/Projects/Campus-Vegetation-Recognition/data/train/Goeppertia_makoyana/IMG_1143.jpeg,4
138,/Users/vincentdeng/Projects/Campus-Vegetation-Recognition/data/train/Goeppertia_makoyana/IMG_1142.jpeg,/Users/vincentdeng/Projects/Campus-Vegetation-Recognition/data/val/Goeppertia_makoyana/IMG_1141.jpeg,2
139,/Users/vincentdeng/Projects/Campus-Vegetation-Recognition/data/train/Goeppertia_makoyana/IMG_1143.jpeg,/Users/vincentdeng/Projects/Campus-Vegetation-Recognition/data/train/Goeppertia_makoyana/IMG_1145.jpeg,6
140,/Users/vincentdeng/Projects/Campus-Vegetation-Recognition/data/train/Goeppertia_makoyana/IMG_1143.jpeg,/Users/vincentdeng/Projects/Campus-Vegetation-Recognition/data/val/Goeppertia_makoyana/IMG_1141.jpeg,6
141,/Users/vincentdeng/Projects/Campus-Vegetation-Recognition/data/train/Goeppertia_makoyana/IMG_1153.jpeg,/Users/vincentdeng/Projects/Campus-Vegetation-Recognition/data/val/Goeppertia_makoyana/IMG_1154.jpeg,8
142,/Users/vincentdeng/Projects/Campus-Vegetation-Recognition/data/train/Goeppertia_makoyana/IMG_1155.jpeg,/Users/vincentdeng/Projects/Campus-Vegetation-Recognition/data/train/Goeppertia_makoyana/IMG_1156.jpeg,8
143,/Users/vincentdeng/Projects/Campus-Vegetation-Recognition/data/train/Goeppertia_makoyana/IMG_1155.jpeg,/Users/vincentdeng/Projects/Campus-Vegetation-Recognition/data/val/Goeppertia_makoyana/IMG_1154.jpeg,8
144,/Users/vincentdeng/Projects/Campus-Vegetation-Recognition/data/train/Goeppertia_makoyana/IMG_1161.jpeg,/Users/vincentdeng/Projects/Campus-Vegetation-Recognition/data/val/Goeppertia_makoyana/IMG_1162.jpeg,4
145,/Users/vincentdeng/Projects/Campus-Vegetation-Recognition/data/train/Goeppertia_makoyana/IMG_1180.jpeg,/Users/vincentdeng/Projects/Campus-Vegetation-Recognition/data/train/Goeppertia_makoyana/IMG_1181.jpeg,8
146,/Users/vincentdeng/Projects/Campus-Vegetation-Recognition/data/train/Goeppertia_makoyana/IMG_1186.jpeg,/Users/vincentdeng/Projects/Campus-Vegetation-Recognition/data/train/Goeppertia_makoyana/IMG_1187.jpeg,8
147,/Users/vincentdeng/Projects/Campus-Vegetation-Recognition/data/train/Goeppertia_makoyana/IMG_1198.jpeg,/Users/vincentdeng/Projects/Campus-Vegetation-Recognition/data/train/Goeppertia_makoyana/IMG_1199.jpeg,2
148,/Users/vincentdeng/Projects/Campus-Vegetation-Recognition/data/train/Goeppertia_makoyana/IMG_1209.jpeg,/Users/vincentdeng/Projects/Campus-Vegetation-Recognition/data/train/Goeppertia_makoyana/IMG_1210.jpeg,4
149,/Users/vincentdeng/Projects/Campus-Vegetation-Recognition/data/train/Juniperus_chinensis/IMG_1421.jpeg,/Users/vincentdeng/Projects/Campus-Vegetation-Recognition/data/train/Juniperus_chinensis/IMG_1422.jpeg,4
150,/Users/vincentdeng/Projects/Campus-Vegetation-Recognition/data/train/Juniperus_chinensis/IMG_1429.jpeg,/Users/vincentdeng/Projects/Campus-Vegetation-Recognition/data/train/Juniperus_chinensis/IMG_1430.jpeg,8
151,/Users/vincentdeng/Projects/Campus-Vegetation-Recognition/data/train/Juniperus_chinensis/IMG_1439.jpeg,/Users/vincentdeng/Projects/Campus-Vegetation-Recognition/data/val/Juniperus_chinensis/IMG_1438.jpeg,4
152,/Users/vincentdeng/Projects/Campus-Vegetation-Recognition/data/train/Podocarpus_macrophyllus/IMG_1293.jpeg,/Users/vincentdeng/Projects/Campus-Vegetation-Recognition/data/train/Podocarpus_macrophyllus/IMG_1294.jpeg,6
153,/Users/vincentdeng/Projects/Campus-Vegetation-Recognition/data/train/Podocarpus_macrophyllus/IMG_1294.jpeg,/Users/vincentdeng/Projects/Campus-Vegetation-Recognition/data/train/Podocarpus_macrophyllus/IMG_1295.jpeg,4
154,/Users/vincentdeng/Projects/Campus-Vegetation-Recognition/data/train/Podocarpus_macrophyllus/IMG_1304.jpeg,/Users/vincentdeng/Projects/Campus-Vegetation-Recognition/data/train/Podocarpus_macrophyllus/IMG_1305.jpeg,8
155,/Users/vincentdeng/Projects/Campus-Vegetation-Recognition/data/train/Podocarpus_macrophyllus/IMG_1315.jpeg,/Users/vincentdeng/Projects/Campus-Vegetation-Recognition/data/train/Podocarpus_macrophyllus/IMG_1316.jpeg,4
156,/Users/vincentdeng/Projects/Campus-Vegetation-Recognition/data/train/Podocarpus_macrophyllus/IMG_1318.jpeg,/Users/vincentdeng/Projects/Campus-Vegetation-Recognition/data/val/Podocarpus_macrophyllus/IMG_1317.jpeg,6
157,/Users/vincentdeng/Projects/Campus-Vegetation-Recognition/data/train/Podocarpus_macrophyllus/IMG_1330.jpeg,/Users/vincentdeng/Projects/Campus-Vegetation-Recognition/data/train/Podocarpus_macrophyllus/IMG_1331.jpeg,8
158,/Users/vincentdeng/Projects/Campus-Vegetation-Recognition/data/train/Podocarpus_macrophyllus/IMG_1334.jpeg,/Users/vincentdeng/Projects/Campus-Vegetation-Recognition/data/val/Podocarpus_macrophyllus/IMG_1335.jpeg,6
159,/Users/vincentdeng/Projects/Campus-Vegetation-Recognition/data/train/Podocarpus_macrophyllus/IMG_1344.jpeg,/Users/vincentdeng/Projects/Campus-Vegetation-Recognition/data/train/Podocarpus_macrophyllus/IMG_1345.jpeg,8
160,/Users/vincentdeng/Projects/Campus-Vegetation-Recognition/data/train/Rhododendron/IMG_0960.jpeg,/Users/vincentdeng/Projects/Campus-Vegetation-Recognition/data/val/Rhododendron/IMG_0961.jpeg,8
161,/Users/vincentdeng/Projects/Campus-Vegetation-Recognition/data/train/Rhododendron/IMG_0962.jpeg,/Users/vincentdeng/Projects/Campus-Vegetation-Recognition/data/val/Rhododendron/IMG_0961.jpeg,8
162,/Users/vincentdeng/Projects/Campus-Vegetation-Recognition/data/train/Rhododendron/IMG_0964.jpeg,/Users/vincentdeng/Projects/Campus-Vegetation-Recognition/data/val/Rhododendron/IMG_0965.jpeg,4
163,/Users/vincentdeng/Projects/Campus-Vegetation-Recognition/data/train/Rhododendron/IMG_0971.jpeg,/Users/vincentdeng/Projects/Campus-Vegetation-Recognition/data/train/Rhododendron/IMG_0972.jpeg,8
164,/Users/vincentdeng/Projects/Campus-Vegetation-Recognition/data/train/Rhododendron/IMG_0979.jpeg,/Users/vincentdeng/Projects/Campus-Vegetation-Recognition/data/train/Rhododendron/IMG_0980.jpeg,4
165,/Users/vincentdeng/Projects/Campus-Vegetation-Recognition/data/train/Rhododendron/IMG_1009.jpeg,/Users/vincentdeng/Projects/Campus-Vegetation-Recognition/data/train/Rhododendron/IMG_1010.jpeg,4
166,/Users/vincentdeng/Projects/Campus-Vegetation-Recognition/data/train/Xanthostemon_chrysanthus/IMG_1381.jpeg,/Users/vincentdeng/Projects/Campus-Vegetation-Recognition/data/train/Xanthostemon_chrysanthus/IMG_1382.jpeg,6
167,/Users/vincentdeng/Projects/Campus-Vegetation-Recognition/data/train/Xanthostemon_chrysanthus/IMG_1393.jpeg,/Users/vincentdeng/Projects/Campus-Vegetation-Recognition/data/val/Xanthostemon_chrysanthus/IMG_1392.jpeg,6
168,/Users/vincentdeng/Projects/Campus-Vegetation-Recognition/data/val/Camellia/IMG_1488.jpeg,/Users/vincentdeng/Projects/Campus-Vegetation-Recognition/data/val/Camellia/IMG_1489.jpeg,4
169,/Users/vincentdeng/Projects/Campus-Vegetation-Recognition/data/val/Ficus_microcarpa/IMG_1253.jpeg,/Users/vincentdeng/Projects/Campus-Vegetation-Recognition/data/val/Ficus_microcarpa/IMG_1254.jpeg,6
170,/Users/vincentdeng/Projects/Campus-Vegetation-Recognition/data/val/Goeppertia_makoyana/IMG_1192.jpeg,/Users/vincentdeng/Projects/Campus-Vegetation-Recognition/data/val/Goeppertia_makoyana/IMG_1193.jpeg,4
